EnrollID,StudentID,CourseID,EnrollDate,CompletionStatus
1,155,53,11/21/2025,Dropped
2,219,81,9/20/2024,Dropped
3,389,62,8/24/2022,Dropped
4,208,45,1/5/2023,Dropped
5,72,65,5/18/2025,Completed
6,226,80,6/12/2024,Dropped
7,372,53,4/10/2022,Completed
8,172,20,6/14/2022,Completed
9,240,22,2/9/2024,Dropped
10,123,33,9/13/2023,Dropped
11,221,83,4/26/2023,Dropped
12,112,46,1/12/2022,Dropped
13,493,54,5/4/2025,Completed
14,18,67,3/25/2025,In Progress
15,157,11,4/27/2022,Completed
16,459,21,1/13/2022,Completed
17,107,98,10/12/2022,Completed
18,442,75,6/9/2025,In Progress
19,250,69,8/5/2022,Dropped
20,421,25,11/7/2023,In Progress
21,124,20,1/9/2025,In Progress
22,215,87,6/8/2024,Dropped
23,209,52,7/22/2024,Dropped
24,104,6,10/7/2022,Dropped
25,84,82,10/9/2024,In Progress
26,98,54,7/24/2025,Completed
27,483,15,2/28/2022,Completed
28,34,37,1/8/2025,Completed
29,369,49,1/25/2023,Completed
30,401,93,4/23/2024,Completed
31,431,48,11/7/2024,Completed
32,105,74,3/24/2022,Completed
33,143,30,10/9/2022,Dropped
34,385,97,9/9/2025,In Progress
35,401,1,2/29/2024,Dropped
36,235,54,1/24/2025,Dropped
37,120,18,3/21/2023,Dropped
38,437,56,8/18/2025,Completed
39,471,15,3/3/2024,Completed
40,271,72,1/23/2025,In Progress
41,320,5,9/6/2025,Dropped
42,124,54,2/24/2023,Dropped
43,206,22,9/10/2025,Dropped
44,313,37,10/14/2024,Completed
45,458,38,2/26/2025,Dropped
46,135,52,6/29/2022,In Progress
47,224,95,8/2/2024,In Progress
48,211,69,10/26/2023,Dropped
49,352,60,9/20/2023,In Progress
50,212,57,8/22/2023,Completed
51,225,8,12/12/2025,In Progress
52,78,60,3/31/2024,Completed
53,78,96,4/4/2024,Completed
54,88,70,6/11/2025,In Progress
55,33,12,2/9/2024,In Progress
56,150,84,9/15/2022,Dropped
57,345,39,2/14/2024,Completed
58,315,22,10/22/2025,Dropped
59,489,12,12/31/2022,Dropped
60,443,47,4/19/2022,Dropped
61,476,23,7/20/2024,Completed
62,500,82,11/2/2025,In Progress
63,328,84,5/20/2024,In Progress
64,383,58,3/2/2022,Dropped
65,158,31,4/8/2024,Completed
66,341,38,7/3/2025,Completed
67,342,41,3/24/2025,Completed
68,240,9,2/2/2022,Dropped
69,107,92,6/27/2025,Dropped
70,210,73,10/28/2025,Dropped
71,157,37,10/1/2023,Dropped
72,216,32,3/11/2022,Completed
73,158,57,2/4/2022,Completed
74,328,9,9/22/2025,Completed
75,57,14,11/24/2022,In Progress
76,183,34,9/14/2022,Completed
77,271,38,3/2/2023,Completed
78,51,41,8/21/2025,Dropped
79,428,61,11/22/2025,Completed
80,155,88,7/28/2024,Dropped
81,133,1,2/8/2023,Dropped
82,178,79,11/27/2022,Completed
83,341,28,9/11/2024,Dropped
84,195,94,1/13/2023,Dropped
85,334,88,7/19/2023,Dropped
86,470,43,4/22/2023,Completed
87,272,51,4/25/2025,In Progress
88,241,18,12/11/2025,Completed
89,290,86,7/31/2025,Completed
90,285,62,1/30/2022,In Progress
91,192,66,7/2/2022,Dropped
92,395,25,5/21/2023,Dropped
93,8,15,5/19/2023,Completed
94,336,34,7/29/2022,Completed
95,8,34,8/19/2022,Dropped
96,13,100,7/2/2022,Dropped
97,112,23,4/1/2025,Completed
98,360,67,9/15/2025,In Progress
99,219,22,2/9/2023,In Progress
100,369,1,3/3/2024,Completed
101,343,55,1/7/2025,In Progress
102,455,27,8/20/2023,In Progress
103,20,51,9/12/2022,In Progress
104,385,94,2/24/2025,In Progress
105,83,89,1/14/2025,In Progress
106,476,24,2/29/2024,Dropped
107,489,74,1/6/2025,Completed
108,178,52,10/30/2025,Completed
109,375,12,8/12/2022,Completed
110,421,97,10/24/2023,In Progress
111,453,43,7/5/2025,Dropped
112,325,32,8/4/2024,Dropped
113,391,3,4/4/2024,In Progress
114,8,43,9/19/2023,Completed
115,373,43,1/30/2023,Dropped
116,260,53,3/10/2022,Dropped
117,111,42,8/19/2022,Dropped
118,362,70,7/23/2024,Dropped
119,423,47,12/11/2024,Dropped
120,145,55,3/3/2024,In Progress
121,71,47,3/16/2025,Completed
122,76,44,11/7/2025,In Progress
123,297,18,8/12/2022,Dropped
124,13,68,3/21/2022,In Progress
125,344,79,12/17/2025,Completed
126,43,76,8/12/2024,In Progress
127,439,94,11/11/2023,Dropped
128,132,78,7/18/2022,Dropped
129,163,18,10/27/2025,In Progress
130,312,38,3/22/2024,In Progress
131,361,80,5/25/2022,Dropped
132,190,11,10/29/2022,Completed
133,293,8,6/10/2025,Dropped
134,362,39,12/30/2022,In Progress
135,117,51,12/30/2024,Completed
136,178,31,9/22/2023,In Progress
137,500,53,1/17/2022,Completed
138,442,69,4/6/2025,Dropped
139,440,19,10/26/2024,In Progress
140,15,52,10/20/2024,In Progress
141,316,58,4/28/2024,Dropped
142,73,48,5/8/2023,In Progress
143,214,40,12/31/2023,Completed
144,126,25,7/28/2023,In Progress
145,475,60,12/24/2023,Dropped
146,314,100,5/10/2024,Completed
147,444,28,12/8/2023,Dropped
148,434,22,11/4/2025,In Progress
149,295,77,1/29/2024,In Progress
150,354,59,2/27/2023,Dropped
151,155,60,8/10/2025,Dropped
152,410,54,8/7/2023,In Progress
153,248,97,8/25/2023,Dropped
154,84,10,2/15/2023,Completed
155,399,28,4/7/2025,Completed
156,177,84,11/16/2023,Dropped
157,215,15,3/4/2023,Dropped
158,130,47,4/26/2023,Dropped
159,164,33,1/31/2022,Dropped
160,495,4,3/16/2022,Dropped
161,256,86,3/1/2024,Completed
162,451,73,3/27/2024,In Progress
163,370,33,5/4/2025,In Progress
164,258,50,11/5/2023,In Progress
165,170,30,2/14/2025,Dropped
166,58,59,4/26/2025,In Progress
167,233,30,1/20/2023,In Progress
168,490,39,4/21/2022,Dropped
169,261,42,4/17/2022,Dropped
170,129,69,4/2/2025,Completed
171,457,80,4/25/2023,In Progress
172,157,62,10/14/2024,Dropped
173,232,96,9/15/2023,In Progress
174,342,2,7/24/2025,Completed
175,394,69,4/24/2022,Completed
176,416,94,5/22/2025,In Progress
177,416,56,12/15/2025,Dropped
178,283,1,7/31/2025,In Progress
179,241,95,1/16/2022,Completed
180,163,42,5/19/2022,Completed
181,459,90,10/27/2025,Dropped
182,384,4,1/15/2024,In Progress
183,130,80,4/3/2024,Completed
184,250,56,7/12/2024,Dropped
185,424,12,10/23/2024,Completed
186,324,22,8/13/2025,Completed
187,321,34,10/6/2022,Dropped
188,59,94,9/3/2025,Completed
189,129,81,7/10/2024,Dropped
190,452,36,11/5/2024,Dropped
191,214,19,2/17/2024,In Progress
192,80,13,7/6/2024,Dropped
193,261,44,6/8/2024,Dropped
194,271,17,1/8/2022,In Progress
195,398,52,5/31/2022,Completed
196,469,20,12/20/2023,Dropped
197,291,40,10/3/2025,In Progress
198,180,40,9/23/2022,In Progress
199,261,21,6/24/2023,Completed
200,72,38,12/17/2025,Dropped
201,126,1,8/5/2024,Completed
202,217,84,9/6/2025,Completed
203,470,93,6/19/2025,Completed
204,68,14,7/20/2022,Dropped
205,417,42,8/31/2023,Dropped
206,220,7,12/17/2022,Dropped
207,17,81,9/29/2025,Completed
208,44,96,3/31/2023,In Progress
209,493,8,9/4/2022,Completed
210,432,99,12/13/2022,In Progress
211,153,62,2/21/2023,Dropped
212,230,22,3/17/2023,In Progress
213,421,49,12/13/2023,Dropped
214,351,6,9/29/2022,In Progress
215,285,31,9/25/2024,Completed
216,185,52,7/22/2024,Dropped
217,30,52,8/23/2023,Completed
218,20,5,5/2/2024,Completed
219,328,13,8/8/2025,Dropped
220,74,60,4/1/2025,Completed
221,184,19,1/29/2022,In Progress
222,69,94,9/1/2022,Completed
223,274,10,5/9/2023,In Progress
224,212,70,1/8/2025,Dropped
225,428,4,10/6/2024,Dropped
226,307,85,10/16/2023,In Progress
227,166,64,10/26/2023,Completed
228,390,64,5/19/2025,In Progress
229,118,39,3/22/2022,Completed
230,144,79,12/10/2023,Dropped
231,481,68,4/14/2023,In Progress
232,255,25,5/12/2022,Completed
233,26,94,4/18/2025,In Progress
234,44,9,4/24/2024,In Progress
235,146,22,6/7/2025,In Progress
236,138,32,8/24/2024,In Progress
237,154,80,10/21/2022,In Progress
238,301,76,1/2/2023,In Progress
239,277,70,6/7/2024,Completed
240,282,72,4/27/2025,In Progress
241,362,10,7/17/2023,Dropped
242,134,56,9/23/2023,Dropped
243,464,25,2/5/2022,In Progress
244,409,54,11/10/2024,Completed
245,478,5,2/15/2025,Dropped
246,106,46,3/26/2023,In Progress
247,485,90,8/6/2025,Dropped
248,397,90,9/8/2022,Completed
249,162,13,5/31/2023,Completed
250,289,37,3/2/2022,In Progress
251,148,60,7/2/2022,Dropped
252,187,41,11/23/2022,Completed
253,89,62,8/17/2024,Dropped
254,198,22,10/1/2022,In Progress
255,351,71,2/6/2023,Completed
256,162,74,6/9/2022,Completed
257,375,19,7/31/2025,Completed
258,279,73,3/22/2023,Dropped
259,304,19,7/4/2024,Completed
260,481,94,1/17/2024,In Progress
261,185,37,5/7/2025,In Progress
262,378,68,6/18/2022,In Progress
263,29,11,11/14/2024,Dropped
264,323,70,11/5/2025,Completed
265,403,96,12/22/2024,In Progress
266,15,78,4/17/2023,Completed
267,164,77,5/25/2024,Dropped
268,168,64,9/25/2023,In Progress
269,74,80,9/13/2022,In Progress
270,31,38,8/15/2024,Dropped
271,124,85,7/14/2023,In Progress
272,181,97,2/20/2023,Dropped
273,379,2,5/30/2022,Completed
274,235,55,7/24/2022,Dropped
275,10,99,8/20/2025,Dropped
276,99,54,10/29/2022,Completed
277,188,1,5/15/2023,Dropped
278,328,68,12/1/2022,In Progress
279,458,61,12/8/2025,Completed
280,57,15,8/7/2024,Completed
281,60,27,6/6/2022,In Progress
282,451,8,5/15/2022,Dropped
283,207,80,8/29/2025,Completed
284,348,16,11/28/2022,In Progress
285,474,56,10/28/2023,Dropped
286,235,88,10/6/2025,In Progress
287,60,73,5/15/2022,In Progress
288,439,87,1/22/2023,Completed
289,418,16,5/31/2025,In Progress
290,64,3,3/19/2025,In Progress
291,391,40,4/6/2025,Completed
292,23,73,11/24/2023,Completed
293,141,95,8/16/2023,Completed
294,193,52,10/24/2023,Completed
295,308,10,9/6/2023,Completed
296,311,38,6/25/2024,Dropped
297,310,51,7/23/2023,In Progress
298,346,38,9/25/2023,In Progress
299,29,89,2/24/2024,In Progress
300,500,65,1/28/2024,Dropped
301,137,15,8/2/2022,In Progress
302,331,62,7/1/2025,Completed
303,299,22,1/28/2024,Completed
304,308,100,2/10/2023,Completed
305,89,92,8/14/2023,Dropped
306,68,1,5/8/2023,Completed
307,271,89,8/23/2022,In Progress
308,258,26,12/9/2025,In Progress
309,157,6,6/12/2024,Dropped
310,343,100,5/9/2023,Completed
311,367,19,7/7/2023,Completed
312,171,10,3/9/2025,Dropped
313,198,73,6/1/2025,Dropped
314,360,43,11/22/2025,Dropped
315,112,34,11/30/2025,Completed
316,79,73,10/9/2023,Dropped
317,230,97,4/15/2023,Dropped
318,36,48,12/5/2022,In Progress
319,51,48,7/4/2025,Dropped
320,79,74,7/17/2023,Completed
321,36,31,2/6/2025,Completed
322,354,47,1/16/2024,Completed
323,328,24,4/3/2023,Completed
324,354,38,4/18/2022,Completed
325,2,23,7/20/2024,In Progress
326,95,30,12/12/2022,Dropped
327,138,94,12/31/2024,Dropped
328,330,34,7/13/2023,Completed
329,124,13,6/4/2024,Completed
330,348,99,4/24/2024,Dropped
331,479,56,9/2/2023,Dropped
332,389,45,6/11/2022,Dropped
333,128,100,4/26/2024,Dropped
334,338,18,8/27/2024,In Progress
335,449,91,6/13/2022,Dropped
336,474,48,5/6/2022,Completed
337,384,52,2/18/2023,In Progress
338,393,17,11/29/2023,Dropped
339,277,63,2/13/2024,Dropped
340,418,50,11/29/2022,Completed
341,477,32,9/25/2025,Dropped
342,231,29,7/16/2023,In Progress
343,444,35,3/28/2022,In Progress
344,435,77,3/20/2022,In Progress
345,329,35,2/23/2024,Completed
346,400,94,12/20/2022,Completed
347,415,48,12/5/2024,Dropped
348,254,94,7/27/2022,Completed
349,394,38,6/12/2022,Completed
350,362,78,4/19/2024,Completed
351,460,46,9/3/2024,In Progress
352,41,39,1/30/2025,Dropped
353,178,83,8/31/2024,In Progress
354,380,91,4/29/2023,Completed
355,251,53,6/23/2022,Completed
356,205,42,3/26/2025,Completed
357,437,8,8/6/2022,In Progress
358,92,29,9/10/2023,Dropped
359,48,86,10/22/2023,In Progress
360,338,19,4/9/2024,Dropped
361,319,1,12/5/2025,Dropped
362,122,16,4/9/2024,Dropped
363,14,77,1/15/2023,Completed
364,474,50,1/17/2022,Completed
365,32,96,9/26/2023,In Progress
366,494,18,4/16/2025,Completed
367,77,36,7/6/2025,Completed
368,124,16,12/25/2025,In Progress
369,46,76,3/1/2023,Completed
370,217,30,11/29/2025,Completed
371,362,32,9/20/2024,In Progress
372,495,12,11/1/2023,Dropped
373,115,9,12/11/2025,In Progress
374,390,50,12/25/2022,In Progress
375,119,89,4/25/2023,In Progress
376,147,56,12/6/2025,Dropped
377,443,69,11/2/2024,In Progress
378,126,59,6/21/2025,In Progress
379,27,16,12/15/2023,Completed
380,3,4,8/18/2023,Dropped
381,495,47,4/17/2022,Completed
382,472,72,7/6/2025,Completed
383,164,83,3/21/2022,Dropped
384,170,27,5/18/2025,Completed
385,86,98,3/3/2023,Dropped
386,171,9,2/14/2024,In Progress
387,494,81,9/27/2025,Completed
388,346,52,9/1/2022,Completed
389,94,17,12/13/2023,Completed
390,400,43,3/29/2023,In Progress
391,51,69,12/2/2023,Dropped
392,130,52,5/29/2022,Dropped
393,5,83,1/16/2023,Dropped
394,301,94,2/7/2024,Completed
395,146,19,10/18/2025,Completed
396,224,83,7/14/2022,Completed
397,203,25,6/30/2025,Dropped
398,351,23,4/29/2025,Completed
399,286,11,1/14/2023,In Progress
400,197,70,6/1/2023,Completed
401,1,7,6/16/2024,Completed
402,335,39,10/27/2023,Dropped
403,100,58,12/7/2024,In Progress
404,31,9,11/30/2022,In Progress
405,274,87,11/24/2022,Dropped
406,146,83,2/22/2022,In Progress
407,175,68,5/18/2022,Completed
408,295,81,5/30/2023,Dropped
409,140,18,12/20/2023,In Progress
410,259,44,2/16/2025,In Progress
411,211,36,2/20/2025,Dropped
412,123,12,7/3/2024,Dropped
413,1,99,4/10/2025,In Progress
414,416,38,12/21/2024,Dropped
415,16,3,6/19/2024,Completed
416,216,54,5/26/2025,Dropped
417,211,1,5/21/2024,Completed
418,287,25,7/30/2025,Dropped
419,472,56,5/9/2023,Dropped
420,156,70,3/31/2024,Completed
421,2,61,2/28/2023,Dropped
422,25,20,5/27/2024,Completed
423,285,78,11/2/2024,Completed
424,15,76,12/27/2025,Dropped
425,142,59,10/24/2023,Dropped
426,21,41,5/20/2023,In Progress
427,497,25,8/2/2025,Dropped
428,201,3,1/3/2024,Dropped
429,238,58,5/2/2023,In Progress
430,284,17,4/22/2022,In Progress
431,403,83,1/20/2022,Completed
432,298,25,6/1/2022,In Progress
433,107,81,7/3/2025,In Progress
434,49,46,2/1/2022,Completed
435,299,28,5/29/2022,Completed
436,120,42,2/14/2022,Completed
437,69,97,1/10/2024,Dropped
438,64,52,1/11/2022,Dropped
439,325,50,9/11/2024,In Progress
440,416,36,6/21/2025,In Progress
441,124,5,5/15/2024,In Progress
442,242,63,12/19/2024,Dropped
443,323,47,10/19/2023,Completed
444,188,98,11/13/2025,Completed
445,234,77,2/10/2025,In Progress
446,284,65,1/16/2022,Completed
447,369,98,6/15/2025,In Progress
448,171,49,2/13/2023,Dropped
449,64,87,6/16/2025,Completed
450,376,51,8/12/2025,Dropped
451,279,10,5/31/2024,Completed
452,59,25,4/25/2022,Completed
453,421,80,9/10/2025,Dropped
454,18,52,3/13/2022,Completed
455,250,67,9/17/2025,Dropped
456,213,82,3/14/2025,In Progress
457,98,50,4/9/2024,In Progress
458,206,12,5/22/2024,Dropped
459,246,6,5/13/2023,Dropped
460,173,51,1/2/2022,Completed
461,385,59,4/10/2024,Completed
462,500,69,6/16/2022,Completed
463,233,88,11/1/2022,Completed
464,308,43,4/11/2022,In Progress
465,395,37,5/28/2025,Dropped
466,331,10,9/16/2023,Completed
467,278,54,2/3/2023,In Progress
468,126,81,9/14/2024,Dropped
469,233,55,2/11/2025,Completed
470,4,77,8/1/2025,Completed
471,369,44,4/25/2025,Dropped
472,429,83,7/27/2024,Completed
473,66,59,4/4/2025,In Progress
474,269,11,7/2/2025,Completed
475,340,74,10/4/2025,Dropped
476,424,21,5/30/2023,Dropped
477,68,93,6/3/2022,Dropped
478,70,12,2/21/2022,In Progress
479,228,69,11/9/2022,Dropped
480,494,40,1/12/2022,Completed
481,383,54,4/4/2025,Dropped
482,19,59,11/12/2022,Dropped
483,360,83,10/10/2024,Completed
484,284,99,1/31/2025,Dropped
485,390,10,10/30/2025,Dropped
486,380,81,8/18/2024,In Progress
487,241,80,6/10/2024,Dropped
488,272,89,8/15/2023,Dropped
489,33,56,7/17/2023,Dropped
490,459,60,6/30/2025,Completed
491,351,58,7/17/2023,Dropped
492,207,58,1/16/2025,Dropped
493,85,16,3/17/2022,Dropped
494,88,49,10/21/2025,In Progress
495,377,7,5/7/2024,Completed
496,307,63,2/14/2022,In Progress
497,441,23,2/6/2023,In Progress
498,95,1,1/24/2023,Completed
499,108,76,6/20/2024,In Progress
500,416,74,4/15/2023,Dropped
501,80,46,8/18/2022,Completed
502,107,77,8/27/2022,Completed
503,488,77,1/7/2025,Dropped
504,33,32,11/20/2024,Dropped
505,404,4,4/15/2023,Dropped
506,40,50,10/2/2025,Dropped
507,293,61,8/28/2024,Dropped
508,11,5,2/20/2023,In Progress
509,95,31,12/11/2022,Dropped
510,251,85,6/22/2022,Completed
511,354,22,2/21/2024,Completed
512,430,91,12/12/2025,In Progress
513,198,40,3/12/2022,Completed
514,164,58,10/16/2025,Completed
515,411,2,9/4/2022,Dropped
516,4,15,9/10/2023,Dropped
517,200,83,11/17/2022,In Progress
518,223,98,2/6/2022,In Progress
519,305,57,9/9/2023,In Progress
520,57,98,1/28/2024,Completed
521,420,12,8/24/2024,In Progress
522,413,95,3/1/2022,Completed
523,11,85,2/14/2025,Dropped
524,444,12,4/14/2024,Dropped
525,175,78,6/1/2022,In Progress
526,142,38,6/22/2025,Completed
527,63,66,1/21/2023,In Progress
528,251,4,7/25/2023,Completed
529,262,61,4/16/2023,Dropped
530,122,59,3/13/2025,In Progress
531,465,88,6/9/2023,Dropped
532,227,13,12/5/2022,Dropped
533,298,74,5/27/2023,Dropped
534,390,70,6/18/2023,Completed
535,414,46,5/23/2024,In Progress
536,129,69,4/17/2024,In Progress
537,22,91,11/23/2022,In Progress
538,154,98,10/16/2022,In Progress
539,137,97,12/4/2022,In Progress
540,166,66,12/30/2023,Dropped
541,482,87,8/23/2025,Dropped
542,429,56,12/30/2024,In Progress
543,465,42,2/5/2025,Dropped
544,378,67,7/4/2022,Dropped
545,107,65,4/4/2022,Dropped
546,135,15,8/14/2025,In Progress
547,12,81,7/12/2025,Completed
548,489,59,8/22/2022,Dropped
549,128,28,12/28/2025,Completed
550,324,69,5/23/2023,In Progress
551,295,15,9/7/2022,Dropped
552,409,32,4/5/2022,Completed
553,289,41,7/5/2024,Completed
554,463,60,7/8/2023,Completed
555,46,87,9/11/2024,Completed
556,395,55,1/15/2022,In Progress
557,473,47,10/22/2022,In Progress
558,105,59,5/28/2024,In Progress
559,461,72,4/30/2023,In Progress
560,59,98,3/11/2022,Dropped
561,164,31,1/30/2022,In Progress
562,46,93,8/9/2024,In Progress
563,67,10,1/10/2023,In Progress
564,426,49,12/16/2024,Dropped
565,131,97,6/4/2022,In Progress
566,303,23,12/18/2023,In Progress
567,353,99,1/15/2025,In Progress
568,333,23,11/8/2024,Dropped
569,371,6,11/28/2025,In Progress
570,284,50,6/4/2023,Completed
571,107,22,11/16/2024,Completed
572,284,97,4/11/2022,In Progress
573,311,3,6/17/2022,In Progress
574,88,97,8/29/2024,Completed
575,419,53,8/16/2024,Completed
576,41,37,1/18/2023,Completed
577,292,50,2/19/2024,Completed
578,62,8,8/18/2022,In Progress
579,472,90,6/13/2025,In Progress
580,258,92,3/22/2022,In Progress
581,385,82,7/19/2022,Completed
582,223,56,5/29/2024,Dropped
583,431,90,7/24/2023,Completed
584,444,18,7/5/2022,Dropped
585,28,4,4/24/2023,In Progress
586,326,81,5/11/2022,Completed
587,53,13,3/24/2023,Completed
588,261,7,6/18/2025,Completed
589,22,66,2/18/2024,Dropped
590,259,13,1/31/2023,Completed
591,306,70,3/30/2025,Completed
592,174,60,12/1/2023,In Progress
593,309,12,10/3/2022,Dropped
594,381,38,11/29/2023,Dropped
595,58,18,2/27/2024,Dropped
596,73,46,9/16/2023,Completed
597,372,1,8/28/2024,Completed
598,7,75,1/17/2024,Dropped
599,138,27,1/27/2023,Dropped
600,304,31,9/15/2022,Completed
601,160,56,4/29/2023,Dropped
602,293,51,9/9/2024,In Progress
603,210,66,7/31/2025,Dropped
604,272,64,9/18/2023,Dropped
605,307,42,11/20/2022,Completed
606,8,26,2/24/2023,In Progress
607,433,72,7/9/2023,Dropped
608,463,14,8/9/2022,Completed
609,76,29,11/1/2025,Dropped
610,84,60,9/6/2022,In Progress
611,264,65,4/16/2023,Completed
612,344,49,10/18/2022,In Progress
613,446,31,12/26/2024,Dropped
614,467,96,9/26/2024,In Progress
615,233,63,5/16/2022,Completed
616,50,19,4/25/2023,In Progress
617,179,99,11/3/2023,Dropped
618,128,38,9/30/2024,Completed
619,474,95,2/13/2025,In Progress
620,491,58,10/30/2023,Dropped
621,241,95,5/5/2024,In Progress
622,342,51,7/15/2025,Completed
623,13,83,1/5/2025,Dropped
624,306,86,4/16/2022,In Progress
625,439,25,5/21/2023,Dropped
626,454,67,12/11/2022,Dropped
627,119,25,1/4/2023,In Progress
628,400,36,6/8/2024,In Progress
629,165,3,2/18/2025,Completed
630,6,81,7/25/2025,In Progress
631,245,27,9/7/2024,Completed
632,458,94,5/22/2023,Completed
633,28,11,5/25/2023,Completed
634,280,18,4/16/2025,Completed
635,324,50,4/6/2023,Dropped
636,208,16,8/7/2025,Completed
637,303,92,11/2/2024,Completed
638,412,79,6/3/2024,In Progress
639,3,44,3/10/2022,Dropped
640,148,2,6/22/2023,Dropped
641,262,74,5/18/2025,In Progress
642,285,70,6/30/2023,Dropped
643,73,70,6/2/2022,Completed
644,249,37,6/9/2023,Dropped
645,334,71,8/19/2024,In Progress
646,434,69,1/28/2023,Dropped
647,152,20,3/10/2025,Completed
648,335,65,12/8/2023,Completed
649,87,98,12/14/2022,Completed
650,409,15,1/30/2023,Completed
651,256,87,10/26/2022,Dropped
652,408,78,10/9/2024,Completed
653,302,98,6/26/2024,In Progress
654,115,59,6/14/2023,Dropped
655,110,65,10/8/2023,In Progress
656,251,13,2/20/2023,In Progress
657,343,62,3/4/2025,In Progress
658,135,67,4/17/2025,Completed
659,160,42,3/8/2023,Dropped
660,152,91,10/16/2025,In Progress
661,106,79,9/13/2024,Dropped
662,342,68,7/19/2022,In Progress
663,57,57,2/15/2023,Dropped
664,481,81,8/8/2023,Dropped
665,260,37,8/10/2022,In Progress
666,429,20,12/18/2025,Dropped
667,440,67,5/1/2023,Dropped
668,381,6,12/16/2023,In Progress
669,34,45,3/3/2024,In Progress
670,425,31,11/20/2022,In Progress
671,428,2,4/30/2024,Completed
672,120,66,11/2/2023,In Progress
673,343,55,6/5/2024,In Progress
674,242,34,11/8/2024,Completed
675,418,67,8/20/2023,Dropped
676,17,70,1/24/2023,Dropped
677,368,87,7/11/2023,Dropped
678,385,14,7/14/2022,In Progress
679,137,37,5/9/2022,In Progress
680,500,47,5/29/2024,Completed
681,225,69,9/17/2024,Dropped
682,151,56,6/25/2025,Completed
683,379,56,9/5/2022,Dropped
684,277,14,5/29/2023,Completed
685,286,33,5/16/2024,In Progress
686,12,23,8/1/2024,Completed
687,138,35,12/10/2024,Dropped
688,171,29,12/2/2023,In Progress
689,231,44,5/21/2025,Dropped
690,303,75,1/2/2024,In Progress
691,103,28,7/24/2022,Completed
692,64,2,8/23/2023,Dropped
693,23,25,1/25/2025,Dropped
694,435,73,1/7/2022,In Progress
695,168,13,7/9/2022,Completed
696,82,70,3/10/2024,Completed
697,280,92,3/30/2023,Dropped
698,310,19,4/3/2023,In Progress
699,256,33,7/14/2022,In Progress
700,472,11,11/30/2025,Completed
701,327,1,8/14/2023,Completed
702,167,95,2/1/2025,Dropped
703,433,1,9/28/2023,Completed
704,310,98,1/23/2022,Completed
705,381,34,4/24/2022,Dropped
706,254,86,8/24/2025,In Progress
707,491,33,3/2/2022,Dropped
708,270,8,6/12/2025,Completed
709,273,11,3/17/2022,Dropped
710,344,12,9/18/2025,Completed
711,181,92,9/20/2024,In Progress
712,74,44,7/12/2022,Completed
713,25,39,12/12/2025,Dropped
714,225,38,8/9/2023,Completed
715,7,71,9/20/2023,Dropped
716,78,95,1/1/2022,Dropped
717,304,30,12/16/2022,In Progress
718,241,26,12/15/2023,Completed
719,479,67,11/19/2022,Completed
720,119,11,7/31/2023,Completed
721,75,39,11/14/2023,Dropped
722,241,29,1/24/2024,Completed
723,113,83,2/7/2024,In Progress
724,154,79,1/10/2024,In Progress
725,27,40,2/2/2022,Dropped
726,390,55,7/15/2023,Completed
727,69,22,11/16/2022,In Progress
728,40,54,3/17/2023,Completed
729,304,13,6/12/2024,In Progress
730,91,29,11/9/2023,In Progress
731,282,3,10/26/2023,In Progress
732,388,10,2/4/2025,Dropped
733,406,10,6/17/2023,Dropped
734,17,75,6/27/2025,Completed
735,57,62,9/23/2023,Completed
736,35,23,2/18/2022,Dropped
737,295,69,12/28/2024,Dropped
738,405,26,8/1/2023,In Progress
739,425,36,9/12/2025,Completed
740,312,29,5/19/2023,In Progress
741,372,51,5/23/2025,In Progress
742,195,89,1/10/2022,Dropped
743,65,64,11/2/2022,Dropped
744,376,25,9/2/2023,Dropped
745,437,53,3/16/2025,Completed
746,243,65,7/3/2025,Dropped
747,26,94,7/23/2022,Dropped
748,373,58,12/14/2022,Completed
749,388,14,8/23/2024,In Progress
750,190,42,11/6/2022,Completed
751,15,76,5/26/2025,In Progress
752,20,97,2/1/2022,In Progress
753,399,64,7/24/2025,In Progress
754,322,23,3/10/2024,In Progress
755,108,81,5/20/2025,In Progress
756,215,17,12/22/2025,Completed
757,148,51,8/28/2024,Dropped
758,48,96,5/23/2023,In Progress
759,348,73,10/24/2022,Completed
760,456,23,11/26/2024,Dropped
761,454,51,10/7/2023,Dropped
762,219,82,1/22/2024,Completed
763,344,3,12/12/2022,Completed
764,100,2,8/30/2022,Completed
765,443,29,8/30/2024,In Progress
766,262,36,7/28/2022,Completed
767,497,95,2/26/2025,Dropped
768,188,79,11/6/2024,Completed
769,176,95,3/17/2022,Completed
770,28,49,11/3/2025,In Progress
771,325,3,12/31/2023,Completed
772,84,85,9/18/2023,Dropped
773,414,57,8/30/2022,Completed
774,186,23,6/23/2022,Completed
775,286,79,1/23/2025,Dropped
776,282,3,12/24/2024,In Progress
777,246,27,9/4/2025,In Progress
778,115,65,10/23/2025,Dropped
779,356,81,12/24/2022,Dropped
780,463,100,10/27/2024,Dropped
781,383,64,2/14/2023,Completed
782,300,35,7/18/2022,Completed
783,460,53,8/17/2025,Dropped
784,145,94,8/8/2025,In Progress
785,307,99,1/12/2024,In Progress
786,441,71,7/4/2022,Completed
787,336,84,8/1/2022,In Progress
788,9,69,11/27/2025,Completed
789,450,32,3/15/2025,Dropped
790,159,44,11/24/2024,In Progress
791,90,24,11/26/2025,In Progress
792,131,89,10/10/2024,Dropped
793,363,64,3/8/2023,Dropped
794,296,66,10/8/2025,In Progress
795,378,76,3/31/2025,In Progress
796,344,36,11/26/2023,Completed
797,476,11,2/21/2023,Completed
798,353,42,12/9/2024,Completed
799,436,51,12/16/2024,Dropped
800,212,59,9/11/2024,Completed
801,44,92,4/4/2023,Completed
802,179,47,4/18/2022,Dropped
803,82,79,4/14/2025,In Progress
804,99,88,9/6/2022,Completed
805,338,96,7/15/2024,Completed
806,127,60,6/1/2024,In Progress
807,382,69,8/18/2025,In Progress
808,7,18,3/9/2025,Completed
809,98,35,11/25/2022,In Progress
810,470,88,1/13/2023,In Progress
811,318,90,5/18/2022,Completed
812,375,43,2/26/2025,Completed
813,237,58,2/10/2022,Dropped
814,365,18,11/27/2024,Dropped
815,290,1,4/18/2022,Dropped
816,198,8,9/23/2023,In Progress
817,349,5,3/30/2025,Completed
818,331,87,12/30/2024,Dropped
819,119,42,1/24/2022,Completed
820,183,53,9/12/2024,Completed
821,377,64,6/29/2024,In Progress
822,240,99,1/27/2024,Dropped
823,25,100,2/8/2025,Completed
824,81,4,5/10/2025,Dropped
825,283,92,5/17/2022,Dropped
826,150,80,7/27/2022,Dropped
827,14,25,7/1/2023,Completed
828,315,3,2/25/2023,Dropped
829,153,99,8/1/2022,Dropped
830,137,13,10/20/2023,Dropped
831,9,53,12/21/2023,Dropped
832,35,29,5/20/2024,Dropped
833,396,95,11/19/2025,Completed
834,62,17,3/8/2024,Dropped
835,137,43,1/21/2022,Completed
836,400,83,8/21/2025,In Progress
837,295,34,1/9/2024,Completed
838,371,32,1/28/2023,Dropped
839,443,67,12/30/2024,Dropped
840,225,32,11/15/2025,In Progress
841,169,69,11/21/2025,Dropped
842,209,27,10/24/2022,In Progress
843,474,28,8/2/2024,Dropped
844,382,1,12/9/2024,Completed
845,8,14,8/28/2022,Dropped
846,137,83,1/23/2022,Completed
847,440,76,1/20/2022,In Progress
848,424,79,12/20/2025,Dropped
849,65,94,3/23/2022,In Progress
850,425,16,12/3/2022,In Progress
851,467,7,9/11/2024,Dropped
852,458,22,3/23/2025,Completed
853,437,65,7/30/2025,In Progress
854,336,8,7/3/2023,In Progress
855,148,93,7/20/2025,In Progress
856,217,24,3/20/2023,In Progress
857,345,85,1/24/2025,Dropped
858,467,71,4/27/2023,Completed
859,232,25,4/4/2022,Completed
860,338,71,10/8/2024,In Progress
861,478,75,6/18/2022,Dropped
862,427,75,6/16/2023,Completed
863,441,45,1/15/2025,Dropped
864,407,90,12/25/2023,Dropped
865,130,30,4/18/2025,Dropped
866,1,32,9/14/2022,In Progress
867,144,25,6/13/2022,Dropped
868,393,4,12/6/2022,Completed
869,47,86,4/16/2023,Completed
870,60,63,11/17/2022,In Progress
871,77,58,1/2/2024,In Progress
872,51,97,10/21/2024,Completed
873,24,57,2/3/2024,In Progress
874,336,20,6/3/2023,In Progress
875,131,65,1/2/2022,Completed
876,17,68,6/3/2025,Completed
877,61,51,3/10/2025,Dropped
878,170,23,1/15/2025,Completed
879,263,95,1/31/2025,In Progress
880,416,70,7/8/2025,In Progress
881,217,68,12/2/2024,Dropped
882,208,25,9/30/2024,Completed
883,85,97,8/18/2023,Dropped
884,126,77,5/23/2025,Completed
885,475,51,8/21/2024,Dropped
886,268,18,6/29/2023,Completed
887,225,38,5/25/2025,Dropped
888,436,90,4/10/2024,Completed
889,343,34,4/4/2025,In Progress
890,462,25,8/15/2022,Dropped
891,374,69,11/15/2023,Dropped
892,148,91,7/27/2023,In Progress
893,262,7,12/15/2025,Completed
894,322,31,4/20/2025,Completed
895,6,9,11/3/2022,Completed
896,410,25,2/24/2022,Completed
897,174,90,7/12/2022,In Progress
898,279,61,7/14/2023,Dropped
899,357,69,4/12/2025,Completed
900,282,11,6/9/2025,Dropped
901,361,19,9/11/2023,Completed
902,272,17,10/29/2024,Completed
903,377,53,11/13/2023,Dropped
904,2,98,8/16/2024,Completed
905,356,71,12/28/2023,In Progress
906,30,7,2/27/2022,In Progress
907,448,20,1/8/2024,Dropped
908,100,36,11/23/2024,Dropped
909,409,37,3/20/2023,In Progress
910,273,38,5/12/2025,Dropped
911,9,27,5/7/2023,In Progress
912,422,53,12/6/2022,In Progress
913,135,31,10/3/2023,Completed
914,81,66,5/3/2023,Completed
915,438,41,5/12/2024,Completed
916,340,24,12/10/2022,In Progress
917,476,16,6/20/2022,Completed
918,415,8,8/18/2023,Completed
919,364,70,5/11/2023,Dropped
920,468,94,7/30/2024,Completed
921,414,22,8/31/2023,In Progress
922,468,10,11/16/2023,Completed
923,350,53,9/22/2022,In Progress
924,358,38,9/28/2024,In Progress
925,330,98,12/22/2024,Completed
926,412,9,3/10/2025,In Progress
927,4,41,10/26/2025,Dropped
928,455,13,8/20/2025,In Progress
929,23,9,3/4/2025,In Progress
930,89,97,3/12/2022,Dropped
931,143,42,2/11/2022,In Progress
932,498,83,12/17/2023,Dropped
933,235,46,6/14/2022,Dropped
934,193,1,3/25/2022,In Progress
935,10,87,8/4/2022,Completed
936,353,32,2/18/2022,Completed
937,218,83,7/30/2023,Dropped
938,134,63,6/20/2024,In Progress
939,474,77,8/24/2022,Completed
940,453,11,11/3/2023,In Progress
941,303,74,12/29/2024,In Progress
942,174,44,9/18/2023,Completed
943,310,23,9/13/2025,In Progress
944,436,19,10/25/2022,In Progress
945,98,84,8/26/2023,In Progress
946,195,99,4/27/2024,Dropped
947,337,32,7/10/2024,Dropped
948,172,39,6/10/2022,In Progress
949,339,68,1/16/2024,Dropped
950,482,70,2/8/2025,In Progress
951,233,66,9/13/2023,In Progress
952,116,9,12/25/2023,Completed
953,408,59,11/30/2024,Dropped
954,163,62,6/3/2025,Dropped
955,223,29,8/15/2023,In Progress
956,137,84,5/3/2025,Dropped
957,214,78,7/15/2025,In Progress
958,478,88,8/20/2025,In Progress
959,493,14,1/24/2023,Dropped
960,88,36,5/19/2023,In Progress
961,369,67,11/20/2025,In Progress
962,171,84,9/21/2024,Completed
963,139,47,1/5/2023,Dropped
964,257,92,12/13/2022,Dropped
965,493,24,6/8/2025,In Progress
966,279,76,2/19/2025,Dropped
967,76,39,2/22/2023,In Progress
968,425,61,11/26/2022,Completed
969,456,35,12/10/2024,In Progress
970,20,92,8/9/2022,Dropped
971,202,28,3/10/2025,In Progress
972,236,1,12/11/2023,Dropped
973,306,21,8/6/2023,Completed
974,369,34,6/22/2025,Completed
975,74,4,5/9/2022,Dropped
976,324,21,12/1/2024,In Progress
977,161,72,2/14/2023,Completed
978,277,72,3/15/2022,Completed
979,264,97,1/19/2024,Completed
980,269,86,8/17/2025,Dropped
981,92,91,11/17/2023,Completed
982,247,89,7/2/2024,In Progress
983,86,35,6/20/2023,In Progress
984,265,85,10/12/2023,Completed
985,98,15,2/12/2022,Completed
986,433,34,9/5/2022,In Progress
987,98,94,12/1/2022,Completed
988,179,21,5/14/2024,In Progress
989,397,48,10/14/2023,Completed
990,384,38,3/2/2023,Dropped
991,325,73,10/17/2025,Dropped
992,3,35,8/5/2022,Completed
993,160,11,4/3/2022,In Progress
994,361,9,11/6/2023,In Progress
995,152,2,1/3/2022,Completed
996,60,70,2/19/2023,In Progress
997,168,8,11/18/2022,Dropped
998,255,64,4/24/2025,Dropped
999,303,2,9/26/2023,In Progress
1000,339,61,3/6/2023,In Progress
