StudentID,Name,Age,gender,joinDate,country
1,Vivianne Hegge,35,Female,3/14/2023,Kuwait
2,Liz Teare,57,Female,1/8/2023,Saudi Arabia
3,Ross Buckbee,47,Male,1/6/2025,Saudi Arabia
4,Suzie Pumphrey,44,Female,7/6/2023,Egypt
5,Lavinie Yurkin,60,Female,8/8/2022,Saudi Arabia
6,Ingar Astbury,18,Genderfluid,1/19/2022,Jordan
7,Korie Boldero,19,,10/31/2024,Egypt
8,Katya Kelloch,18,,12/14/2025,Saudi Arabia
9,Dennie Bish,19,Male,6/24/2023,Egypt
10,Normand Gilkison,23,Male,3/18/2024,Egypt
11,Neal Van Geffen,15,Male,7/30/2025,Jordan
12,Ryan Josselson,43,Polygender,5/20/2022,Kuwait
13,Rae Aguirre,31,Female,9/21/2022,Egypt
14,Wilmar Carlisle,17,Male,7/9/2022,Kuwait
15,Arther Goldhawk,29,Male,10/31/2024,Saudi Arabia
16,Emmett Bart,43,Male,10/10/2025,Qatar
17,Julianne Andrea,42,Female,11/12/2024,Kuwait
18,Nathalie Dines,16,Female,6/7/2022,United Arab Emirates
19,Luigi Chellam,22,Male,8/25/2024,Kuwait
20,Massimiliano Youel,29,Male,8/3/2024,Egypt
21,Alvie McWilliam,46,Male,5/29/2025,Kuwait
22,Margalit Brimley,37,Polygender,7/22/2022,Egypt
23,Cam Blease,26,Female,8/27/2024,Egypt
24,Stevena Bridgestock,60,Female,5/10/2022,Kuwait
25,Briney Overill,49,Female,7/27/2024,Saudi Arabia
26,Constance Leith-Harvey,57,Female,3/30/2023,Jordan
27,Clovis Crowley,22,Female,8/23/2023,Egypt
28,Stan Pickwell,15,Non-binary,6/23/2023,Saudi Arabia
29,Wade Bromley,60,Male,2/5/2024,United Arab Emirates
30,Adan Jiggen,15,Female,7/20/2024,Jordan
31,Annelise Raeburn,17,Female,11/23/2025,Egypt
32,Devonna Figg,15,Female,2/24/2023,Saudi Arabia
33,Bee Bolesworth,31,Female,12/6/2022,Egypt
34,Eachelle Bragger,27,Female,5/10/2023,Saudi Arabia
35,Hannis Bramont,19,Female,9/16/2022,Egypt
36,Adelice Python,57,Female,3/2/2022,Saudi Arabia
37,Bellina Bleiman,41,Female,3/29/2024,Jordan
38,Sybila Pellamonuten,33,Female,9/9/2022,United Arab Emirates
39,Stoddard Myhill,27,Non-binary,9/3/2022,Egypt
40,Milka Hay,39,Female,5/27/2023,Qatar
41,Kale Beagen,33,,9/30/2022,Saudi Arabia
42,Rosene Barrick,17,Female,3/14/2025,Kuwait
43,Keven Durno,54,Male,11/26/2023,Egypt
44,Sibylla Courage,31,Female,10/16/2022,
45,Stephannie Dumberell,26,Female,7/11/2025,Saudi Arabia
46,Stu Kirtley,50,Male,3/6/2025,Jordan
47,Shandee Hollow,34,Female,4/19/2025,Egypt
48,Sayers Leftbridge,44,Male,10/17/2023,Egypt
49,William Deware,18,Male,12/17/2022,Saudi Arabia
50,Gerick Degli Abbati,16,Male,12/14/2025,Jordan
51,Gerri Truesdale,,Polygender,12/15/2022,Egypt
52,Terrel Stonebanks,,Male,3/4/2025,United Arab Emirates
53,Carlin Berth,27,Male,5/22/2023,
54,Shermy Caslake,51,Genderfluid,1/7/2023,Qatar
55,Ninette Colliard,57,Female,10/11/2023,Qatar
56,Kakalina Memmory,58,Female,12/29/2022,Egypt
57,Elane Gravenall,60,Female,5/31/2025,Saudi Arabia
58,Aviva Dedmam,19,Agender,9/27/2023,Kuwait
59,Tracie Southam,41,Male,12/26/2025,United Arab Emirates
60,Bethena Woollends,26,Female,7/6/2022,Egypt
61,Aindrea Deaves,60,Female,1/27/2022,Kuwait
62,Donica Norsworthy,53,Female,5/7/2024,Egypt
63,Winni Halbert,59,Female,4/5/2023,Egypt
64,Eugene Stockdale,31,Male,4/10/2024,Egypt
65,Steffie Stiles,54,Female,3/20/2025,Saudi Arabia
66,Trip Domokos,36,Male,2/3/2025,Saudi Arabia
67,Nathan Humpage,29,Male,1/3/2024,Jordan
68,Lanette Ironside,52,Female,11/23/2024,Saudi Arabia
69,Oberon Nyssens,,Male,3/29/2025,Saudi Arabia
70,Natalee Tremayne,59,Female,8/8/2024,Saudi Arabia
71,Neile Collibear,56,,8/29/2024,Jordan
72,Christen Sexon,21,Female,1/22/2022,Egypt
73,Timothy Vitler,17,Male,3/11/2023,Egypt
74,Crysta Colvine,49,Polygender,11/11/2023,Egypt
75,Sutton Muirhead,60,Agender,2/27/2024,Egypt
76,Lucien Hubbis,39,Male,5/19/2024,Jordan
77,Ceciley Cromly,46,Female,11/28/2023,Egypt
78,Lavinie Piotrkowski,27,,3/22/2024,Jordan
79,Meredith Enevold,27,Agender,8/28/2023,Egypt
80,Almeta Koba,59,Female,5/25/2023,Egypt
81,Olympe Borrington,56,Female,9/5/2022,Saudi Arabia
82,Flore Prestidge,25,Female,1/14/2023,Jordan
83,Timothy Frean,50,Male,3/20/2022,Egypt
84,Moe Hugh,17,Male,11/7/2024,Jordan
85,Krystal Blogg,21,Female,9/1/2023,Jordan
86,Caty Juzek,34,Female,12/30/2022,Egypt
87,Berkley Bringloe,29,Male,2/22/2022,Egypt
88,Elsy Botley,59,Agender,10/1/2024,Egypt
89,Rachel Swancott,38,Female,2/13/2025,Jordan
90,Nikolia Dudney,35,Female,5/16/2025,Egypt
91,Roosevelt Allflatt,34,Male,5/8/2022,Egypt
92,Danell Biddlestone,39,Female,12/14/2024,United Arab Emirates
93,Maddi Worgen,52,Bigender,2/19/2025,Saudi Arabia
94,Davida Bishopp,59,Polygender,11/1/2025,Egypt
95,Iseabal Dike,,Female,11/4/2023,Jordan
96,Conrado Courtenay,32,Male,11/7/2022,United Arab Emirates
97,Tore Pitchers,43,Male,12/17/2024,Qatar
98,Brandtr Bridgland,30,Male,9/10/2023,Egypt
99,Sax Winward,57,Male,8/13/2024,Egypt
100,Wallache Tidcombe,48,Male,6/2/2025,Jordan
101,Darill Limeburner,49,Polygender,5/28/2025,Jordan
102,Liva Druce,15,Female,3/8/2022,Egypt
103,Pren Pregal,33,Polygender,2/14/2024,Saudi Arabia
104,Brandi Plume,55,Female,12/9/2025,Qatar
105,Stefano Kinnett,55,Male,4/18/2022,Egypt
106,Alwin Kaliszewski,41,Male,9/5/2023,Kuwait
107,Cicely Piddington,28,Female,8/22/2023,Egypt
108,Adelaida Hryskiewicz,36,Genderfluid,2/14/2025,Egypt
109,Kacy Millmore,57,,3/20/2022,Egypt
110,Rebeca Alexis,37,Female,11/17/2022,Jordan
111,Guillermo Defond,20,Male,7/16/2023,Qatar
112,Peri Locard,31,Female,7/3/2025,Kuwait
113,Amabelle Ponte,39,Female,5/16/2024,Egypt
114,Felicdad Padefield,58,Genderfluid,9/1/2025,Kuwait
115,Tudor Choffin,30,Male,10/17/2022,Egypt
116,Clemence Freund,28,Female,10/18/2022,Jordan
117,Neile Foot,49,Female,5/22/2022,Saudi Arabia
118,Saxon Pabelik,42,Male,3/22/2025,Saudi Arabia
119,Leanora MacGibbon,54,Female,8/1/2025,Jordan
120,Julita McGhie,42,Female,7/27/2022,Egypt
121,Harlene Geldeford,34,Female,11/12/2022,Egypt
122,Euphemia Nowill,23,Female,4/17/2023,Kuwait
123,Germaine Shasnan,,Agender,11/17/2024,Egypt
124,Kerwinn Maddy,53,Male,4/12/2023,Kuwait
125,Devonna Moule,,Female,6/30/2024,Egypt
126,Gasper Thorogood,38,Male,6/25/2022,Egypt
127,Jilleen Sayre,60,Female,7/10/2025,Kuwait
128,Geoffry Valentin,50,Male,12/3/2022,United Arab Emirates
129,Jerrie Brunsdon,38,,6/18/2024,Saudi Arabia
130,Hally Towriss,55,Female,10/14/2024,Jordan
131,Elbertine Janczyk,52,Female,12/30/2024,United Arab Emirates
132,Kelsi Scole,41,Female,12/13/2023,Egypt
133,Ave Konneke,32,Male,12/10/2023,Saudi Arabia
134,Carine MacLardie,53,Female,5/27/2022,Egypt
135,Rockey Vineall,34,Male,11/26/2024,Saudi Arabia
136,Rufus Trewin,48,Genderfluid,7/21/2024,Egypt
137,Aindrea Jakucewicz,44,Female,5/1/2025,Jordan
138,Claudetta Shergold,53,Female,4/6/2024,Jordan
139,Alyda Magister,47,Female,9/4/2023,United Arab Emirates
140,Welch Chaimson,,Male,7/12/2023,Egypt
141,Eddie Rabley,44,Female,7/17/2024,Jordan
142,Virginie Sherar,37,,4/3/2023,Saudi Arabia
143,Hastie Hawsby,26,Male,11/15/2024,Egypt
144,Kit Burel,25,Male,6/20/2023,Egypt
145,Cyrille Gurdon,60,Male,6/10/2025,Egypt
146,Aurie Tessyman,51,,5/11/2023,Egypt
147,Grissel Brawley,25,Female,2/27/2022,Saudi Arabia
148,Corrine Dainty,42,Female,1/2/2022,Egypt
149,Lorant Killigrew,48,Male,12/13/2022,
150,Fancy Holgan,37,Female,12/20/2024,Egypt
151,Glynnis Franz,40,Female,1/17/2022,Egypt
152,Maryrose Arnaut,51,Genderqueer,7/31/2023,Kuwait
153,Linoel Clunan,33,Male,4/6/2024,Egypt
154,Aubine Roocroft,44,Female,3/15/2023,Egypt
155,Tabbie Jirzik,31,Male,8/31/2024,Saudi Arabia
156,Brig MacCumeskey,58,Male,1/5/2023,Jordan
157,Bink Lettson,39,Male,7/18/2025,Egypt
158,Glori Haggidon,60,,7/30/2022,Kuwait
159,Jarvis Pretorius,19,Male,7/5/2024,
160,Foss Gehring,39,Male,5/20/2024,Jordan
161,Walden Virgo,44,Male,1/12/2024,Saudi Arabia
162,Doralynne Skillanders,27,Female,12/28/2022,Egypt
163,Jerri Pitrollo,51,Male,8/19/2023,Egypt
164,Diana Lerwell,46,Female,12/23/2023,Saudi Arabia
165,Fern Jura,18,Female,11/12/2025,Egypt
166,Kerwin Blunsen,40,Male,11/28/2022,Saudi Arabia
167,Lorrin Gaskarth,,Female,7/22/2023,Kuwait
168,Donalt Hellikes,59,Polygender,8/11/2023,Jordan
169,Jinny Clarson,20,Female,1/30/2025,United Arab Emirates
170,Hardy Letham,15,Male,2/28/2022,Egypt
171,Daniele Coopman,58,Female,4/15/2023,Egypt
172,Loni Hubback,59,Female,10/22/2022,Egypt
173,Nerta Brownsell,20,Female,12/8/2025,Saudi Arabia
174,Fair Stainton,51,Male,11/23/2024,Jordan
175,Nikki Farress,47,Female,9/17/2025,Egypt
176,Mirella Lober,53,Female,3/22/2025,Egypt
177,Amory Standbrooke,37,Non-binary,1/22/2024,Saudi Arabia
178,Mitchell De Hooch,29,Genderqueer,9/26/2023,
179,Jana Jaqueminet,35,Female,6/3/2022,Jordan
180,Roxine Gasgarth,23,Female,12/21/2023,United Arab Emirates
181,Daven Porter,23,Male,7/21/2023,Egypt
182,Lion Nickless,23,Male,5/6/2023,Jordan
183,Burton Melville,43,Male,2/12/2023,Jordan
184,Benedict MacCarter,16,Male,1/24/2024,Egypt
185,Olympie McKimmey,60,Female,5/17/2025,Saudi Arabia
186,Dru Ilive,33,Female,11/2/2023,Jordan
187,Theressa Jerred,17,Female,7/13/2024,Egypt
188,Dud Rodgman,52,Male,8/16/2023,Egypt
189,Shirlene Harrowell,47,Genderfluid,2/14/2025,Egypt
190,Crawford Riddiough,51,Male,1/13/2022,Egypt
191,Suzi Tucknutt,23,Female,2/21/2022,Saudi Arabia
192,Jerad Pahl,15,Male,1/20/2024,Egypt
193,Caria Pfaff,54,Female,10/3/2024,Saudi Arabia
194,Carin Plott,31,Female,7/4/2022,Jordan
195,Lucina Graveson,23,,11/29/2023,Egypt
196,Worth Grenville,31,Male,5/15/2024,Egypt
197,Denys Giacaponi,53,Female,1/10/2023,Egypt
198,Myca Hannis,59,Male,12/16/2024,Saudi Arabia
199,Marylynne Smalles,21,Female,9/1/2023,Saudi Arabia
200,Pattie Oehme,37,Male,2/11/2022,Egypt
201,Millie Lodwick,18,Female,1/7/2025,Saudi Arabia
202,Decca MacIlory,,Male,1/17/2024,
203,Nathanil Woodhouse,47,Male,10/5/2022,Saudi Arabia
204,Mikael Petyakov,19,Male,10/23/2024,
205,Morey Honack,41,Male,11/4/2025,
206,Dorella Ghiriardelli,24,Female,3/7/2022,Egypt
207,Letisha Hanselmann,30,,6/21/2022,Egypt
208,Rosco Ricards,32,Male,8/20/2025,Egypt
209,Melinde Brennenstuhl,27,Female,11/7/2022,Egypt
210,Hendrick Baukham,43,Male,9/19/2022,Jordan
211,Edwin Geockle,41,Male,4/7/2023,Jordan
212,Ivory Daveridge,31,Female,2/1/2022,Jordan
213,Tuesday Duplan,31,Genderqueer,5/6/2025,Saudi Arabia
214,Jsandye Daglish,50,Female,5/17/2025,Jordan
215,Olivette Paulitschke,42,Female,9/30/2024,Kuwait
216,Benton Brunke,23,Male,9/20/2025,Jordan
217,Conchita Cornels,24,Female,9/4/2024,Kuwait
218,Dominick Grimes,31,Male,10/8/2024,United Arab Emirates
219,Goraud Messier,17,Male,10/11/2022,Egypt
220,Tibold Brogioni,34,Male,6/4/2024,Egypt
221,Arden Barnet,50,Female,6/13/2024,Saudi Arabia
222,Dorie Chominski,50,Male,12/16/2024,Egypt
223,Lorain Ditchett,58,Female,11/28/2022,Egypt
224,Devin O'Mullally,45,Genderqueer,9/17/2022,Egypt
225,Juan Gamage,16,Non-binary,10/3/2022,Jordan
226,Kylynn Stenners,54,Female,3/12/2024,Jordan
227,Alverta Messitt,15,Female,4/18/2025,Egypt
228,Christos Houliston,,Male,3/9/2025,Egypt
229,Aurthur Edgerton,37,Male,10/25/2022,Saudi Arabia
230,Amble Bengefield,42,Male,7/28/2025,Saudi Arabia
231,Howey Smidmore,50,Male,11/26/2022,Jordan
232,Miquela Gile,47,Female,10/31/2022,Qatar
233,Reggy Curman,38,Male,6/26/2023,Jordan
234,Emerson Whitwam,37,Polygender,10/25/2022,Egypt
235,Valerie Stolze,18,Agender,9/22/2025,Kuwait
236,Fin Curzey,53,Male,6/8/2022,Saudi Arabia
237,Caldwell McCrone,39,Male,2/9/2025,Egypt
238,Anette Mayhou,48,Non-binary,6/19/2025,Egypt
239,Sheena Kerr,30,Female,1/10/2023,Jordan
240,Robinett Tasker,21,Female,8/4/2024,Egypt
241,Melania Hardeman,44,Female,9/24/2023,Saudi Arabia
242,Hedwiga Wykes,27,Female,11/20/2024,
243,Darice Batterham,29,Female,9/9/2025,Jordan
244,Giffy Attwooll,24,Male,5/17/2024,Egypt
245,Myrah Hynes,47,Genderqueer,4/18/2025,Egypt
246,Ted Fetherstan,,,1/1/2024,Kuwait
247,Beatrisa Trimble,35,Female,6/22/2023,Egypt
248,Cal Hellard,37,Male,8/24/2025,Saudi Arabia
249,Olin Yglesia,28,Male,6/6/2022,Egypt
250,Irvine Beardsdale,48,Male,6/1/2024,Kuwait
251,Otis Ockleshaw,26,Male,2/19/2024,Jordan
252,Jenine MacMenamy,41,Non-binary,8/1/2025,Egypt
253,Cheryl Cahan,53,Female,6/13/2024,Egypt
254,Dayle McGonagle,34,Female,6/30/2023,Egypt
255,Moyna Michal,53,Female,11/10/2024,Egypt
256,Connie Ripping,31,Female,3/6/2022,Kuwait
257,Abdul Arthurs,44,Male,12/2/2023,Egypt
258,Jorrie Breslane,32,Female,12/30/2023,Saudi Arabia
259,Paulie Grady,35,Female,7/18/2023,Egypt
260,Koenraad Ridwood,44,Male,6/4/2023,Saudi Arabia
261,Ignace Daly,,Male,6/26/2023,United Arab Emirates
262,Keelby Pocock,43,Male,11/13/2023,
263,Linette Sleite,55,Female,6/12/2022,Egypt
264,Sig Robinette,22,Male,6/3/2022,Kuwait
265,Rhoda Damant,53,Female,6/16/2023,Jordan
266,Arden Potte,18,Female,4/21/2023,Saudi Arabia
267,Allianora Groger,39,Female,3/26/2024,Jordan
268,Tiffany Mockford,19,Female,10/15/2025,Jordan
269,Gardner Beachamp,31,Male,1/24/2024,Saudi Arabia
270,Iormina Teffrey,28,Female,5/25/2022,Egypt
271,Fionnula Kendle,,Female,5/22/2022,United Arab Emirates
272,Graehme Padson,40,Male,3/4/2024,Jordan
273,Aigneis Monteith,37,Female,5/28/2024,Egypt
274,Kristien Whitlow,52,Female,9/14/2025,Egypt
275,Sydney Snashall,45,Non-binary,8/23/2024,Egypt
276,Tome Abbiss,25,Non-binary,1/26/2022,Egypt
277,Munmro Rankmore,56,Male,5/11/2022,Jordan
278,Marline Trenbey,60,Female,4/7/2024,Egypt
279,Myer Paulsen,24,,3/3/2025,Jordan
280,Gayleen Ovett,28,Genderfluid,7/18/2022,Saudi Arabia
281,Terese Labb,42,Female,1/13/2023,Egypt
282,Niall Abrahamson,46,Male,10/24/2023,Egypt
283,Cristobal Edmeades,39,Male,12/13/2025,Egypt
284,Dwayne Milligan,32,Male,1/24/2023,Saudi Arabia
285,Lindsay Mulford,27,Male,11/27/2025,Egypt
286,Kean Pedrielli,51,,9/4/2024,
287,Vitia Fargher,58,Female,11/13/2025,Kuwait
288,Tommie Landeg,31,Male,8/1/2022,Egypt
289,Parsifal Dawidowicz,24,Male,2/24/2025,Egypt
290,Ericka Eason,49,Female,9/28/2025,Egypt
291,Shayne Linfitt,28,Female,3/2/2022,Egypt
292,Octavius Heelis,47,Male,8/12/2024,Egypt
293,Charissa Rea,21,Female,8/1/2023,Saudi Arabia
294,Lissi Suggitt,37,Female,10/22/2023,Saudi Arabia
295,Tawsha Penhale,36,Female,4/18/2022,United Arab Emirates
296,Giraud Hurley,24,Male,2/20/2024,Egypt
297,Ugo Simka,54,Male,7/12/2022,Kuwait
298,Walther Riggert,20,Male,12/12/2023,Saudi Arabia
299,Casi Wharfe,52,Female,8/20/2023,United Arab Emirates
300,Karlotta Pretor,50,Female,3/5/2023,Egypt
301,Janek Calderon,48,Male,9/5/2023,Jordan
302,Filip Glancey,48,Male,11/9/2023,Egypt
303,Toiboid Mackerness,,Male,11/13/2024,Jordan
304,Lamont Boni,20,Genderfluid,9/1/2024,Egypt
305,Helen Parren,53,Genderfluid,4/21/2022,Egypt
306,Kristo Beckworth,40,Male,7/4/2025,Egypt
307,Teodoro Frosdick,58,Male,5/13/2024,Egypt
308,Gaylene Shimony,28,Female,11/1/2023,Saudi Arabia
309,Pansie Drew-Clifton,54,Female,7/12/2023,United Arab Emirates
310,Livia Bouda,21,Female,7/31/2022,Egypt
311,Davon Gisbourn,26,Male,8/13/2024,Jordan
312,Nona Wickett,48,Female,12/18/2023,Jordan
313,Walden Castells,24,Male,6/16/2022,Egypt
314,Melinda O' Donohue,52,Female,6/17/2022,Saudi Arabia
315,Barr Teml,22,Male,12/24/2022,Egypt
316,Carroll Dymock,56,Male,8/5/2025,Saudi Arabia
317,Bridget Allen,25,Female,12/20/2023,
318,Giacomo Trengrove,42,Male,12/13/2025,Saudi Arabia
319,Kurtis Bracchi,36,Genderqueer,7/11/2025,Kuwait
320,Jard Setterthwait,34,Male,1/31/2022,Saudi Arabia
321,Ofilia Milley,59,Female,2/18/2023,Saudi Arabia
322,Mora Januszewski,50,Non-binary,3/24/2023,Egypt
323,Agnes Harsant,37,Female,6/8/2024,Egypt
324,Teena Aldins,50,Female,9/27/2023,Saudi Arabia
325,Merilyn Belfield,53,Female,7/23/2024,Egypt
326,Chaunce Albany,33,Non-binary,12/28/2024,Qatar
327,Nikkie Marking,28,Female,5/28/2024,Egypt
328,Kimmy Tofful,29,Female,10/24/2024,Egypt
329,Berne Artingstall,31,Male,11/22/2024,Egypt
330,Anson Gross,45,Male,6/7/2024,
331,Filmore Weeke,37,Male,2/21/2023,Egypt
332,Elianore Really,16,Female,6/28/2022,Egypt
333,Creighton Seedman,19,Male,4/21/2022,Egypt
334,Gan McCullagh,58,Male,9/1/2024,Egypt
335,Ardys Andrick,39,Female,4/3/2023,Qatar
336,Erasmus McCleod,29,Male,3/28/2024,Egypt
337,Elliott Leatherborrow,27,Male,8/7/2025,Egypt
338,Corinne Abbots,55,,6/13/2023,Egypt
339,Bessy Innocent,27,Female,8/1/2023,Jordan
340,Fernando Housego,19,Male,3/26/2023,Egypt
341,Garey Tolley,49,Male,11/7/2024,
342,Almeta Frensch,32,Female,4/3/2025,Jordan
343,Douglass Chinnery,21,Male,3/24/2022,Saudi Arabia
344,Arron Romke,51,Male,10/6/2025,Qatar
345,Faustina MacKean,42,Female,4/29/2024,Egypt
346,Abbot Cheyenne,49,Male,9/21/2022,Egypt
347,Doroteya Bouch,20,Female,1/9/2025,Egypt
348,Armand Eitter,29,Male,12/31/2023,Egypt
349,Lolita Roylance,27,Female,6/9/2024,Saudi Arabia
350,Isaac Delea,31,Male,11/18/2022,Qatar
351,Farrah Chaize,30,Female,6/13/2022,Jordan
352,Carol-jean Sumption,59,Female,10/8/2025,Jordan
353,Willy Schimank,25,Female,11/11/2025,Saudi Arabia
354,Dave Duplan,42,Male,9/20/2025,Egypt
355,Marianna Dalla,60,Female,11/2/2022,Egypt
356,Gib Langthorne,25,Male,1/21/2025,Egypt
357,Vanni Karys,58,Female,4/6/2022,Jordan
358,Zebedee Birdsey,56,Male,4/22/2024,Egypt
359,Barrett Macoun,35,Male,8/12/2025,Egypt
360,Alfonso Lakeland,,Male,7/11/2024,Egypt
361,Berne Bosher,23,Male,8/8/2023,United Arab Emirates
362,Millard Mummery,41,Male,9/12/2025,Jordan
363,Gaylene Carrodus,24,Female,10/15/2024,Egypt
364,Madelina Le Grand,52,Female,3/27/2024,Egypt
365,Brook Cruise,35,Male,6/5/2024,Saudi Arabia
366,Marlow Garbar,19,Male,6/27/2022,Egypt
367,Zebedee Bulfit,34,Male,1/16/2024,United Arab Emirates
368,Nils Kuschel,51,Male,10/25/2022,Saudi Arabia
369,Zorah Field,26,,9/6/2025,Egypt
370,Tiffani Hanscome,23,Female,6/19/2025,Saudi Arabia
371,Modesty Munks,58,Female,3/22/2023,Jordan
372,Aron Skim,18,Male,1/13/2022,Egypt
373,Reynold Floyde,15,Male,5/20/2023,Jordan
374,Betteann Lorie,33,Female,12/6/2024,Egypt
375,Arlen Helks,38,Female,7/12/2023,Kuwait
376,Huey Eltun,49,Non-binary,10/15/2023,Egypt
377,Dasi Sturton,36,Female,5/22/2024,Egypt
378,Rory Sandiford,16,Non-binary,4/14/2022,Egypt
379,Celene Wilflinger,26,Female,4/11/2024,
380,Stacie Cahalan,48,Female,12/25/2025,Kuwait
381,Arabela Rummins,52,Female,2/12/2024,Egypt
382,Nessi Fitt,58,Female,5/13/2022,Jordan
383,Hanny Cagan,23,Female,6/6/2023,Egypt
384,Salaidh Caslett,20,Female,5/3/2025,Egypt
385,Troy Gooday,48,Bigender,11/26/2025,Kuwait
386,Jaimie Adamo,16,Male,5/22/2024,
387,Kaspar Cobon,16,Male,11/25/2024,Egypt
388,Dewey Whytock,36,Male,8/10/2023,Egypt
389,Karena Doley,47,Female,1/6/2023,Kuwait
390,Philis Heeley,45,Female,9/18/2025,Egypt
391,Franz Norquay,55,Male,2/20/2024,Jordan
392,Alexandra Agneau,48,Female,7/12/2025,Egypt
393,Carmella Benedikt,34,Female,11/16/2025,Saudi Arabia
394,Tiertza Bucklan,34,Female,2/14/2024,Egypt
395,Thibaut Laughlan,36,Male,4/25/2023,Egypt
396,Fidel Boulton,22,Male,9/22/2024,Saudi Arabia
397,Anatol Spencley,46,Male,11/22/2024,Saudi Arabia
398,Ina Lymer,46,Female,4/14/2024,Egypt
399,Roderich Noto,33,Male,8/26/2025,Kuwait
400,Don Starton,31,Male,2/18/2024,Saudi Arabia
401,Lucas Mellsop,,Genderfluid,10/27/2024,United Arab Emirates
402,Dianna Licciardo,60,Female,2/25/2025,Jordan
403,Godfry Loxly,36,Male,7/29/2025,Egypt
404,Fawn Tock,60,Female,11/11/2024,Jordan
405,Francis Statham,35,Bigender,3/7/2022,Saudi Arabia
406,Son Roots,43,Male,5/17/2022,Jordan
407,Judas Stubbley,16,Male,9/18/2025,Egypt
408,Vinita Maharry,51,Female,12/15/2023,Jordan
409,Yorgos Hurdedge,19,Male,5/21/2025,Saudi Arabia
410,Jefferey Purse,,Male,6/29/2023,Egypt
411,Kaye Packe,,Female,4/1/2022,Jordan
412,Sonnie Gosnell,15,,4/11/2024,Egypt
413,Denna Vella,53,Female,9/8/2025,Saudi Arabia
414,Chris Karpe,56,Male,1/27/2022,Egypt
415,Omar Wagstaffe,15,Male,1/17/2022,Egypt
416,Lorine Chin,27,Female,1/14/2022,Egypt
417,Cindi Munn,58,Non-binary,2/19/2023,Egypt
418,Gayle Summerlad,,Female,3/20/2023,Kuwait
419,Brigida Brumpton,45,Female,3/13/2023,Egypt
420,Charla McIndoe,39,Non-binary,3/12/2025,Egypt
421,Netty Booy,,Female,5/19/2025,Saudi Arabia
422,Imelda McCutcheon,36,Female,2/11/2024,Jordan
423,Mora Kennewell,35,Female,6/2/2025,Saudi Arabia
424,Ivor Raggitt,47,Bigender,7/17/2022,Jordan
425,Forbes Lynas,43,Male,1/27/2023,Saudi Arabia
426,Norris Postgate,59,Male,6/18/2025,Egypt
427,Ricoriki Penburton,27,Male,2/22/2024,Jordan
428,Alyson Kender,56,Female,10/15/2025,Kuwait
429,Darcie Heustace,54,Female,6/27/2024,Saudi Arabia
430,Callie Beevor,44,Female,2/23/2024,Egypt
431,Leah D'Antuoni,15,Polygender,12/27/2023,Egypt
432,Aeriel Vasile,,Female,5/21/2022,Saudi Arabia
433,Creighton Hannibal,22,Non-binary,12/27/2023,Kuwait
434,Kara Layne,18,Female,11/14/2024,Saudi Arabia
435,Stefan Blackwell,25,Male,11/23/2022,Egypt
436,Tuckie Braunds,51,Male,11/2/2023,Egypt
437,Dall Westmarland,26,Male,3/30/2025,Egypt
438,Audra Lovett,23,,8/16/2025,Jordan
439,Levy Greiswood,54,Male,2/24/2022,Jordan
440,Siusan Slarke,23,Female,11/22/2024,Kuwait
441,Kellyann Cornewall,33,Genderfluid,11/26/2023,Qatar
442,Keriann Foch,16,Female,9/1/2022,Egypt
443,Erhart Gallaway,51,Male,3/23/2024,Saudi Arabia
444,Tabb Stillman,49,Male,4/30/2024,Jordan
445,Court McCaffrey,37,Male,1/28/2022,Egypt
446,Kirbee Lanahan,57,Female,1/16/2024,Saudi Arabia
447,Estrellita Cowans,28,Female,1/29/2024,Egypt
448,Kerwin McCaughey,34,Male,1/16/2023,Egypt
449,Tybalt Brandsma,36,Male,11/12/2024,Egypt
450,Nerta Christley,30,Female,7/12/2024,Saudi Arabia
451,Muire Frosch,51,Female,10/7/2025,Kuwait
452,Carlene Jaye,23,Female,3/27/2025,
453,Lou Easter,22,Female,11/10/2023,Egypt
454,Marcile Dallinder,33,Female,10/3/2025,Qatar
455,Ferdie Fanstone,60,Male,6/22/2022,United Arab Emirates
456,Marijn Wainer,42,Male,10/25/2025,Egypt
457,Karena Gallimore,,Female,5/8/2022,Egypt
458,Randi Demann,15,Male,2/24/2025,Egypt
459,Shelley Alberts,50,Male,1/24/2022,Jordan
460,Erroll Althorp,42,Male,1/14/2023,Kuwait
461,Darrel Liebermann,49,Male,11/29/2023,Jordan
462,Woodie Bevir,16,Male,8/2/2025,
463,Frederica Staves,20,Bigender,9/17/2024,Egypt
464,Odie Mungane,36,Agender,3/17/2025,United Arab Emirates
465,Alexandr Cheavin,54,Male,10/29/2025,Egypt
466,Tina Stanex,58,Female,11/28/2025,Egypt
467,Mickie Lisciandri,,Female,2/7/2025,Egypt
468,Karilynn Wrightham,15,Female,3/11/2023,Qatar
469,Wallis Polack,59,Female,9/10/2024,Qatar
470,Vitia Palk,59,Female,1/23/2022,Egypt
471,Neysa Dennidge,36,Non-binary,12/14/2022,Jordan
472,Moe Tallis,33,Male,12/30/2024,Egypt
473,Niccolo Richter,44,Male,9/25/2025,
474,Hali Scrancher,49,Female,8/7/2025,Egypt
475,Ellwood Welbourn,,Male,10/9/2023,Jordan
476,Patricio Pimlock,16,Male,12/4/2023,Egypt
477,Wakefield Ovize,40,Male,5/22/2024,Egypt
478,Judy Seeking,31,Agender,1/20/2022,Saudi Arabia
479,Noll Turri,58,Male,5/20/2022,Egypt
480,Belvia Willcot,38,Female,12/15/2023,Saudi Arabia
481,Garrik Bowler,51,Male,11/4/2022,Kuwait
482,Fern Beckinsale,30,Female,6/2/2025,Jordan
483,Waldemar Brezlaw,44,Male,3/22/2024,Egypt
484,Cathrin Stroulger,46,Female,11/14/2024,Egypt
485,Sashenka Livsey,22,Female,1/22/2025,Egypt
486,Umberto MacAleese,35,Male,5/26/2024,United Arab Emirates
487,Katalin Dakin,52,Female,1/31/2024,Egypt
488,Teddy Dies,49,Male,5/8/2022,Jordan
489,Ottilie Strowthers,,Female,6/12/2022,Egypt
490,Kris Stredder,56,Female,9/28/2022,Kuwait
491,Derrick Bruckenthal,44,Male,2/11/2024,Egypt
492,Tiff Ranson,42,Genderqueer,4/6/2025,Kuwait
493,Demott Ingarfill,46,Bigender,8/26/2024,Egypt
494,Elayne Autin,56,Female,10/19/2024,Egypt
495,Colan Catterell,27,Male,9/27/2023,Jordan
496,Waly Barthot,30,Genderfluid,1/13/2025,Egypt
497,Guthrie Simond,39,Male,8/1/2024,
498,Timofei Patroni,21,Male,6/29/2023,Saudi Arabia
499,Kriste Goodale,29,Female,12/25/2023,Egypt
500,Carmela Turneux,30,Agender,7/14/2023,Egypt
